transact,API call signature
onServiceConnected,API call signature
bindService,API call signature
attachInterface,API call signature
ServiceConnection,API call signature
android.os.Binder,API call signature
android.permission.SEND_SMS,Manifest Permission
Ljava.lang.Class.getCanonicalName,API call signature
Ljava.lang.Class.getMethods,API call signature
Ljava.lang.Class.cast,API call signature
Ljava.net.URLDecoder,API call signature
android.content.pm.Signature,API call signature
android.telephony.SmsManager,API call signature
android.permission.READ_PHONE_STATE,Manifest Permission
getBinder,API call signature
ClassLoader,API call signature
Landroid.content.Context.registerReceiver,API call signature
Ljava.lang.Class.getField,API call signature
Landroid.content.Context.unregisterReceiver,API call signature
android.permission.GET_ACCOUNTS,Manifest Permission
android.permission.RECEIVE_SMS,Manifest Permission
Ljava.lang.Class.getDeclaredField,API call signature
android.permission.READ_SMS,Manifest Permission
getCallingUid,API call signature
Ljavax.crypto.spec.SecretKeySpec,API call signature
android.intent.action.BOOT_COMPLETED,Intent
android.permission.USE_CREDENTIALS,Manifest Permission
android.permission.MANAGE_ACCOUNTS,Manifest Permission
android.content.pm.PackageInfo,API call signature
KeySpec,API call signature
TelephonyManager.getLine1Number,API call signature
DexClassLoader,API call signature
HttpGet.init,API call signature
SecretKey,API call signature
Ljava.lang.Class.getMethod,API call signature
System.loadLibrary,API call signature
android.intent.action.SEND,API call signature
Ljavax.crypto.Cipher,API call signature
android.permission.WRITE_SMS,Manifest Permission
android.permission.READ_SYNC_SETTINGS,Manifest Permission
android.permission.AUTHENTICATE_ACCOUNTS,Manifest Permission
android.telephony.gsm.SmsManager,API call signature
android.permission.WRITE_HISTORY_BOOKMARKS,Manifest Permission
TelephonyManager.getSubscriberId,API call signature
mount,Commands signature
android.permission.INSTALL_PACKAGES,Manifest Permission
Runtime.getRuntime,API call signature
android.permission.CAMERA,Manifest Permission
Ljava.lang.Object.getClass,API call signature
android.permission.WRITE_SYNC_SETTINGS,Manifest Permission
android.permission.READ_HISTORY_BOOKMARKS,Manifest Permission
Ljava.lang.Class.forName,API call signature
android.permission.INTERNET,Manifest Permission
android.intent.action.PACKAGE_REPLACED,Intent
Binder,API call signature
android.intent.action.SEND_MULTIPLE,Intent
android.permission.RECORD_AUDIO,Manifest Permission
IBinder,API call signature
android.os.IBinder,API call signature
createSubprocess,API call signature
android.permission.NFC,Manifest Permission
android.permission.ACCESS_LOCATION_EXTRA_COMMANDS,Manifest Permission
URLClassLoader,API call signature
android.permission.WRITE_APN_SETTINGS,Manifest Permission
abortBroadcast,API call signature
android.permission.BIND_REMOTEVIEWS,Manifest Permission
android.intent.action.TIME_SET,Intent
android.permission.READ_PROFILE,Manifest Permission
TelephonyManager.getDeviceId,API call signature
android.permission.MODIFY_AUDIO_SETTINGS,Manifest Permission
getCallingPid,API call signature
android.permission.READ_SYNC_STATS,Manifest Permission
android.permission.BROADCAST_STICKY,Manifest Permission
android.intent.action.PACKAGE_REMOVED,Intent
android.intent.action.TIMEZONE_CHANGED,Intent
android.permission.WAKE_LOCK,Manifest Permission
android.permission.RECEIVE_BOOT_COMPLETED,Manifest Permission
android.permission.RESTART_PACKAGES,Manifest Permission
Ljava.lang.Class.getPackage,API call signature
chmod,Commands signature
Ljava.lang.Class.getDeclaredClasses,API call signature
android.intent.action.ACTION_POWER_DISCONNECTED,Intent
android.intent.action.PACKAGE_ADDED,Intent
PathClassLoader,API call signature
TelephonyManager.getSimSerialNumber,API call signature
Runtime.load,API call signature
TelephonyManager.getCallState,API call signature
android.permission.BLUETOOTH,Manifest Permission
android.permission.READ_CALENDAR,Manifest Permission
android.permission.READ_CALL_LOG,Manifest Permission
android.permission.SUBSCRIBED_FEEDS_WRITE,Manifest Permission
android.permission.READ_EXTERNAL_STORAGE,Manifest Permission
TelephonyManager.getSimCountryIso,API call signature
sendMultipartTextMessage,API call signature
PackageInstaller,API call signature
android.permission.VIBRATE,Manifest Permission
remount,Commands signature
android.intent.action.ACTION_SHUTDOWN,Intent
sendDataMessage,API call signature
android.permission.ACCESS_NETWORK_STATE,Manifest Permission
chown,Commands signature
HttpPost.init,API call signature
Ljava.lang.Class.getClasses,API call signature
android.permission.SUBSCRIBED_FEEDS_READ,Manifest Permission
TelephonyManager.isNetworkRoaming,API call signature
android.permission.CHANGE_WIFI_MULTICAST_STATE,Manifest Permission
android.permission.WRITE_CALENDAR,Manifest Permission
android.intent.action.PACKAGE_DATA_CLEARED,Intent
android.permission.MASTER_CLEAR,Manifest Permission
HttpUriRequest,API call signature
android.permission.UPDATE_DEVICE_STATS,Manifest Permission
android.permission.WRITE_CALL_LOG,Manifest Permission
android.permission.DELETE_PACKAGES,Manifest Permission
android.permission.GET_TASKS,Manifest Permission
android.permission.GLOBAL_SEARCH,Manifest Permission
android.permission.DELETE_CACHE_FILES,Manifest Permission
android.permission.WRITE_USER_DICTIONARY,Manifest Permission
android.intent.action.PACKAGE_CHANGED,Intent
android.intent.action.NEW_OUTGOING_CALL,Intent
android.permission.REORDER_TASKS,Manifest Permission
android.permission.WRITE_PROFILE,Manifest Permission
android.permission.SET_WALLPAPER,Manifest Permission
android.permission.BIND_INPUT_METHOD,Manifest Permission
divideMessage,API call signature
android.permission.READ_SOCIAL_STREAM,Manifest Permission
android.permission.READ_USER_DICTIONARY,Manifest Permission
android.permission.PROCESS_OUTGOING_CALLS,Manifest Permission
android.permission.CALL_PRIVILEGED,Manifest Permission
Runtime.exec,API call signature
android.permission.BIND_WALLPAPER,Manifest Permission
android.permission.RECEIVE_WAP_PUSH,Manifest Permission
android.permission.DUMP,Manifest Permission
android.permission.BATTERY_STATS,Manifest Permission
android.permission.ACCESS_COARSE_LOCATION,Manifest Permission
android.permission.SET_TIME,Manifest Permission
android.intent.action.SENDTO,Intent
android.permission.WRITE_SOCIAL_STREAM,Manifest Permission
android.permission.WRITE_SETTINGS,Manifest Permission
android.permission.REBOOT,Manifest Permission
android.permission.BLUETOOTH_ADMIN,Manifest Permission
TelephonyManager.getNetworkOperator,API call signature
/system/bin,Commands signature
MessengerService,API call signature
android.permission.BIND_DEVICE_ADMIN,Manifest Permission
android.permission.WRITE_GSERVICES,Manifest Permission
IRemoteService,API call signature
android.permission.KILL_BACKGROUND_PROCESSES,Manifest Permission
SET_ALARM,API call signature
ACCOUNT_MANAGER,API call signature
/system/app,Commands signature
android.intent.action.CALL,Intent
android.permission.STATUS_BAR,Manifest Permission
TelephonyManager.getSimOperator,API call signature
android.permission.PERSISTENT_ACTIVITY,Manifest Permission
android.permission.CHANGE_NETWORK_STATE,Manifest Permission
onBind,API call signature
Process.start,API call signature
android.intent.action.SCREEN_ON,Intent
Context.bindService,API call signature
android.permission.RECEIVE_MMS,Manifest Permission
android.permission.SET_TIME_ZONE,Manifest Permission
android.intent.action.BATTERY_OKAY,Intent
android.permission.CONTROL_LOCATION_UPDATES,Manifest Permission
android.permission.BROADCAST_WAP_PUSH,Manifest Permission
android.permission.BIND_ACCESSIBILITY_SERVICE,Manifest Permission
android.permission.ADD_VOICEMAIL,Manifest Permission
android.permission.CALL_PHONE,Manifest Permission
ProcessBuilder,API call signature
android.permission.BIND_APPWIDGET,Manifest Permission
android.permission.FLASHLIGHT,Manifest Permission
android.permission.READ_LOGS,Manifest Permission
Ljava.lang.Class.getResource,API call signature
defineClass,API call signature
android.permission.SET_PROCESS_LIMIT,Manifest Permission
android.intent.action.PACKAGE_RESTARTED,Intent
android.permission.MOUNT_UNMOUNT_FILESYSTEMS,Manifest Permission
android.permission.BIND_TEXT_SERVICE,Manifest Permission
android.permission.INSTALL_LOCATION_PROVIDER,Manifest Permission
android.intent.action.CALL_BUTTON,Intent
android.intent.action.SCREEN_OFF,Intent
findClass,API call signature
android.permission.SYSTEM_ALERT_WINDOW,Manifest Permission
android.permission.MOUNT_FORMAT_FILESYSTEMS,Manifest Permission
android.permission.CHANGE_CONFIGURATION,Manifest Permission
android.permission.CLEAR_APP_USER_DATA,Manifest Permission
intent.action.RUN,Intent
android.intent.action.SET_WALLPAPER,Intent
android.permission.CHANGE_WIFI_STATE,Manifest Permission
android.permission.READ_FRAME_BUFFER,Manifest Permission
android.permission.ACCESS_SURFACE_FLINGER,Manifest Permission
Runtime.loadLibrary,API call signature
android.permission.BROADCAST_SMS,Manifest Permission
android.permission.EXPAND_STATUS_BAR,Manifest Permission
android.permission.INTERNAL_SYSTEM_WINDOW,Manifest Permission
android.intent.action.BATTERY_LOW,Intent
android.permission.SET_ACTIVITY_WATCHER,Manifest Permission
android.permission.WRITE_CONTACTS,Manifest Permission
android.intent.action.ACTION_POWER_CONNECTED,Intent
android.permission.BIND_VPN_SERVICE,Manifest Permission
android.permission.DISABLE_KEYGUARD,Manifest Permission
android.permission.ACCESS_MOCK_LOCATION,Manifest Permission
android.permission.GET_PACKAGE_SIZE,Manifest Permission
android.permission.MODIFY_PHONE_STATE,Manifest Permission
android.permission.CHANGE_COMPONENT_ENABLED_STATE,Manifest Permission
android.permission.CLEAR_APP_CACHE,Manifest Permission
android.permission.SET_ORIENTATION,Manifest Permission
android.permission.READ_CONTACTS,Manifest Permission
android.permission.DEVICE_POWER,Manifest Permission
android.permission.HARDWARE_TEST,Manifest Permission
android.permission.ACCESS_WIFI_STATE,Manifest Permission
android.permission.WRITE_EXTERNAL_STORAGE,Manifest Permission
android.permission.ACCESS_FINE_LOCATION,Manifest Permission
android.permission.SET_WALLPAPER_HINTS,Manifest Permission
android.permission.SET_PREFERRED_APPLICATIONS,Manifest Permission
android.permission.WRITE_SECURE_SETTINGS,Manifest Permission
